--
-- PostgreSQL database dump
--

\restrict MHpqgeR7bNu1BbrmGb27dFWZ6yMgQmZkLENUTgsJ6RGNPawCDqVpc5PjMROHOlf

-- Dumped from database version 15.15 (Debian 15.15-1.pgdg13+1)
-- Dumped by pg_dump version 15.15

-- Started on 2026-02-07 09:46:21 UTC

SET statement_timeout = 0;
SET lock_timeout = 0;
SET idle_in_transaction_session_timeout = 0;
SET client_encoding = 'UTF8';
SET standard_conforming_strings = on;
SELECT pg_catalog.set_config('search_path', '', false);
SET check_function_bodies = false;
SET xmloption = content;
SET client_min_messages = warning;
SET row_security = off;

SET default_tablespace = '';

SET default_table_access_method = heap;

--
-- TOC entry 214 (class 1259 OID 16385)
-- Name: cliente; Type: TABLE; Schema: public; Owner: bank_meet
--

CREATE TABLE public.cliente (
    cliente_id character varying(255) NOT NULL,
    contrasena character varying(255) NOT NULL,
    estado boolean NOT NULL,
    id bigint NOT NULL
);


ALTER TABLE public.cliente OWNER TO bank_meet;

--
-- TOC entry 216 (class 1259 OID 16393)
-- Name: cuenta; Type: TABLE; Schema: public; Owner: bank_meet
--

CREATE TABLE public.cuenta (
    id bigint NOT NULL,
    estado boolean NOT NULL,
    numero_cuenta character varying(255) NOT NULL,
    saldo_inicial numeric(38,2) NOT NULL,
    tipo_cuenta character varying(255) NOT NULL,
    cliente_id bigint NOT NULL
);


ALTER TABLE public.cuenta OWNER TO bank_meet;

--
-- TOC entry 215 (class 1259 OID 16392)
-- Name: cuenta_id_seq; Type: SEQUENCE; Schema: public; Owner: bank_meet
--

ALTER TABLE public.cuenta ALTER COLUMN id ADD GENERATED BY DEFAULT AS IDENTITY (
    SEQUENCE NAME public.cuenta_id_seq
    START WITH 1
    INCREMENT BY 1
    NO MINVALUE
    NO MAXVALUE
    CACHE 1
);


--
-- TOC entry 218 (class 1259 OID 16401)
-- Name: movimiento; Type: TABLE; Schema: public; Owner: bank_meet
--

CREATE TABLE public.movimiento (
    id bigint NOT NULL,
    fecha timestamp(6) without time zone,
    saldo numeric(38,2),
    saldo_anterior numeric(38,2),
    tipo_movimiento character varying(255) NOT NULL,
    valor numeric(38,2) NOT NULL,
    cuenta_id bigint NOT NULL
);


ALTER TABLE public.movimiento OWNER TO bank_meet;

--
-- TOC entry 217 (class 1259 OID 16400)
-- Name: movimiento_id_seq; Type: SEQUENCE; Schema: public; Owner: bank_meet
--

ALTER TABLE public.movimiento ALTER COLUMN id ADD GENERATED BY DEFAULT AS IDENTITY (
    SEQUENCE NAME public.movimiento_id_seq
    START WITH 1
    INCREMENT BY 1
    NO MINVALUE
    NO MAXVALUE
    CACHE 1
);


--
-- TOC entry 220 (class 1259 OID 16407)
-- Name: persona; Type: TABLE; Schema: public; Owner: bank_meet
--

CREATE TABLE public.persona (
    id bigint NOT NULL,
    direccion character varying(255),
    edad integer NOT NULL,
    genero character varying(20) NOT NULL,
    identificacion character varying(13) NOT NULL,
    nombre character varying(100) NOT NULL,
    telefono character varying(255)
);


ALTER TABLE public.persona OWNER TO bank_meet;

--
-- TOC entry 219 (class 1259 OID 16406)
-- Name: persona_id_seq; Type: SEQUENCE; Schema: public; Owner: bank_meet
--

ALTER TABLE public.persona ALTER COLUMN id ADD GENERATED BY DEFAULT AS IDENTITY (
    SEQUENCE NAME public.persona_id_seq
    START WITH 1
    INCREMENT BY 1
    NO MINVALUE
    NO MAXVALUE
    CACHE 1
);


--
-- TOC entry 3432 (class 0 OID 16385)
-- Dependencies: 214
-- Data for Name: cliente; Type: TABLE DATA; Schema: public; Owner: bank_meet
--

COPY public.cliente (cliente_id, contrasena, estado, id) FROM stdin;
41982528	$2a$10$/58WzmtlW1NTM3RpWFFLfurcQQir9PBUaKfV2LH5v6RGGZpYXyGLG	t	35
101705994	$2a$10$eU6FaNnHqFdvtlFHqDWVJOEZCUjn3bQSnvzJ/AJgSyiOvDOQzBH4.	t	36
157189720	$2a$10$7RiwMgohegfvqaDwGNwklebQVSQDGjIM5mF0KoOSXycG5mnWdGMLy	t	37
619740363	$2a$10$FVVnmodtbxPlJyzk0QIJz.oNQ2xogwXRI7RTSFklDLuOKyKHbUbMe	t	38
\.


--
-- TOC entry 3434 (class 0 OID 16393)
-- Dependencies: 216
-- Data for Name: cuenta; Type: TABLE DATA; Schema: public; Owner: bank_meet
--

COPY public.cuenta (id, estado, numero_cuenta, saldo_inicial, tipo_cuenta, cliente_id) FROM stdin;
20	t	9583150989	1000.00	Corriente	35
16	t	7724237139	1425.00	Ahorros	35
17	t	1551232214	700.00	Corriente	36
18	t	8879359943	150.00	Ahorros	37
19	t	1040727531	0.00	Ahorros	36
21	t	6352955478	1000.00	Ahorros	38
\.


--
-- TOC entry 3436 (class 0 OID 16401)
-- Dependencies: 218
-- Data for Name: movimiento; Type: TABLE DATA; Schema: public; Owner: bank_meet
--

COPY public.movimiento (id, fecha, saldo, saldo_anterior, tipo_movimiento, valor, cuenta_id) FROM stdin;
19	2026-02-07 01:40:01	1425.00	2000.00	Retiro de 575	-575.00	16
20	2026-02-07 01:41:15	700.00	100.00	Deposito de 600	600.00	17
21	2026-02-07 01:42:17	150.00	0.00	Deposito de 150	150.00	18
22	2026-02-07 01:43:24	0.00	540.00	Retiro de 540	-540.00	19
23	2026-02-07 03:07:44	1000.00	2000.00	Retiro de 1000	-1000.00	21
\.


--
-- TOC entry 3438 (class 0 OID 16407)
-- Dependencies: 220
-- Data for Name: persona; Type: TABLE DATA; Schema: public; Owner: bank_meet
--

COPY public.persona (id, direccion, edad, genero, identificacion, nombre, telefono) FROM stdin;
35	Otavalo sn y Principal	35	Masculino	1718635214	Jose Lema	098254785
36	Amazonas y NNUU	25	Masculino	1715458254	Marianela Montalvo	097548965
37	13 de junio y Equinoxial	35	Masculino	1718547085	Juan Osorio	098874587
38	Nayon, Quito, Ecuador	35	Masculino	1719638064	Anderson Chanchay	0984018228
\.


--
-- TOC entry 3444 (class 0 OID 0)
-- Dependencies: 215
-- Name: cuenta_id_seq; Type: SEQUENCE SET; Schema: public; Owner: bank_meet
--

SELECT pg_catalog.setval('public.cuenta_id_seq', 21, true);


--
-- TOC entry 3445 (class 0 OID 0)
-- Dependencies: 217
-- Name: movimiento_id_seq; Type: SEQUENCE SET; Schema: public; Owner: bank_meet
--

SELECT pg_catalog.setval('public.movimiento_id_seq', 23, true);


--
-- TOC entry 3446 (class 0 OID 0)
-- Dependencies: 219
-- Name: persona_id_seq; Type: SEQUENCE SET; Schema: public; Owner: bank_meet
--

SELECT pg_catalog.setval('public.persona_id_seq', 38, true);


--
-- TOC entry 3274 (class 2606 OID 16391)
-- Name: cliente cliente_pkey; Type: CONSTRAINT; Schema: public; Owner: bank_meet
--

ALTER TABLE ONLY public.cliente
    ADD CONSTRAINT cliente_pkey PRIMARY KEY (id);


--
-- TOC entry 3278 (class 2606 OID 16399)
-- Name: cuenta cuenta_pkey; Type: CONSTRAINT; Schema: public; Owner: bank_meet
--

ALTER TABLE ONLY public.cuenta
    ADD CONSTRAINT cuenta_pkey PRIMARY KEY (id);


--
-- TOC entry 3282 (class 2606 OID 16405)
-- Name: movimiento movimiento_pkey; Type: CONSTRAINT; Schema: public; Owner: bank_meet
--

ALTER TABLE ONLY public.movimiento
    ADD CONSTRAINT movimiento_pkey PRIMARY KEY (id);


--
-- TOC entry 3284 (class 2606 OID 16413)
-- Name: persona persona_pkey; Type: CONSTRAINT; Schema: public; Owner: bank_meet
--

ALTER TABLE ONLY public.persona
    ADD CONSTRAINT persona_pkey PRIMARY KEY (id);


--
-- TOC entry 3276 (class 2606 OID 16415)
-- Name: cliente ukkou3iuyp26clwwj9m5d0e6t0l; Type: CONSTRAINT; Schema: public; Owner: bank_meet
--

ALTER TABLE ONLY public.cliente
    ADD CONSTRAINT ukkou3iuyp26clwwj9m5d0e6t0l UNIQUE (cliente_id);


--
-- TOC entry 3280 (class 2606 OID 16417)
-- Name: cuenta ukpj7ncg765kt4klndu25bwbwe4; Type: CONSTRAINT; Schema: public; Owner: bank_meet
--

ALTER TABLE ONLY public.cuenta
    ADD CONSTRAINT ukpj7ncg765kt4klndu25bwbwe4 UNIQUE (numero_cuenta);


--
-- TOC entry 3286 (class 2606 OID 16419)
-- Name: persona ukr5vsms84ih2viwd6tatk9o5pq; Type: CONSTRAINT; Schema: public; Owner: bank_meet
--

ALTER TABLE ONLY public.persona
    ADD CONSTRAINT ukr5vsms84ih2viwd6tatk9o5pq UNIQUE (identificacion);


--
-- TOC entry 3289 (class 2606 OID 16430)
-- Name: movimiento fk4ea11fe7p3xa1kwwmdgi9f2fi; Type: FK CONSTRAINT; Schema: public; Owner: bank_meet
--

ALTER TABLE ONLY public.movimiento
    ADD CONSTRAINT fk4ea11fe7p3xa1kwwmdgi9f2fi FOREIGN KEY (cuenta_id) REFERENCES public.cuenta(id);


--
-- TOC entry 3288 (class 2606 OID 16425)
-- Name: cuenta fk4p224uogyy5hmxvn8fwa2jlug; Type: FK CONSTRAINT; Schema: public; Owner: bank_meet
--

ALTER TABLE ONLY public.cuenta
    ADD CONSTRAINT fk4p224uogyy5hmxvn8fwa2jlug FOREIGN KEY (cliente_id) REFERENCES public.cliente(id);


--
-- TOC entry 3287 (class 2606 OID 16420)
-- Name: cliente fkkpvkbjg32bso6riqge70hwcel; Type: FK CONSTRAINT; Schema: public; Owner: bank_meet
--

ALTER TABLE ONLY public.cliente
    ADD CONSTRAINT fkkpvkbjg32bso6riqge70hwcel FOREIGN KEY (id) REFERENCES public.persona(id);


-- Completed on 2026-02-07 09:46:21 UTC

--
-- PostgreSQL database dump complete
--

\unrestrict MHpqgeR7bNu1BbrmGb27dFWZ6yMgQmZkLENUTgsJ6RGNPawCDqVpc5PjMROHOlf

